"cliente";"rubro"
5760;5
4882;2
6410;3
5171;3
4101;3
6020;1
5955;1
4102;3
4103;3
4104;4
4105;3
4106;3
4107;2
4108;3
4109;4
4110;4
4111;4
4112;4
4113;2
6721;3
6646;2
1644;3
4117;4
4118;2
4119;2
4120;4
4121;5
5290;3
6027;1
4124;1
4125;4
4126;3
1818;4
4799;3
4129;1
4130;5
4131;4
4132;3
4133;3
4134;1
4135;1
4136;5
4942;1
4138;3
4139;2
4140;3
6469;1
6688;3
3927;2
4145;3
4199;3
4147;3
4148;3
4149;4
4150;3
4676;2
1732;1
6410;4
4154;2
4155;1
4156;4
4852;4
4158;3
4159;3
6243;3
4161;3
1885;3
4163;1
4164;4
4165;1
4166;3
4169;2
4171;1
6702;1
5653;3
4174;4
4173;4
5710;3
4175;0
4176;5
6191;3
4178;3
4179;3
5679;5
4800;2
3735;3
3964;2
6648;1
4185;3
4186;3
4187;3
4188;3
6824;4
4191;3
4274;3
6487;1
4193;3
4194;1
4195;3
4196;3
4197;3
4448;3
4200;4
4201;4
6189;3
4203;3
4204;3
5929;3
4240;4
4207;2
5940;3
5169;3
4210;3
4241;1
5423;3
6698;3
6698;4
6138;3
4216;4
4217;1
6409;1
4245;4
4220;3
4221;1
4246;4
4248;4
4250;4
6545;3
4252;3
5579;3
4253;2
4229;4
4230;1
4255;1
4256;1
4233;5
4258;3
5445;4
4236;4
4237;3
4238;3
4239;4
5558;3
4260;3
4242;4
4243;1
5324;1
5226;4
4247;3
6060;3
4249;3
4275;3
4251;4
4501;3
4276;3
4254;3
6842;3
6843;3
4257;2
4277;3
7093;3
4278;4
4993;2
4262;5
4280;1
4281;2
1647;3
1934;3
4282;2
4268;4
4269;1
5036;4
4271;4
4272;3
5986;3
4285;1
4286;3
5152;1
5591;2
4287;3
6280;3
6398;3
4288;1
5275;4
4283;2
4284;1
4290;3
6201;1
4297;2
4298;2
4299;1
4291;3
4720;1
4293;3
4294;3
4300;4
4296;1
4301;4
5243;1
1937;3
7241;3
5915;1
6180;1
4303;0
4304;3
4305;3
6549;4
4307;2
4308;2
5611;3
6457;1
4312;2
4313;1
5962;4
4315;4
4316;4
4317;0
6416;3
4331;1
6171;3
4321;4
4333;2
4323;1
4334;2
4335;2
6262;2
3802;3
4328;0
4329;4
4330;2
4336;2
4332;2
4871;2
6844;1
5577;3
1677;2
5301;3
4339;1
5481;1
4341;3
4716;2
4343;2
4344;3
4345;4
4346;3
5137;3
6231;1
4349;3
4350;1
4351;3
6756;2
4447;3
3632;3
4355;3
5848;2
4357;1
4031;4
4359;2
4360;3
4361;1
4362;3
4363;4
4364;1
4365;2
4369;3
5168;3
4370;4
6241;3
4371;3
4372;3
4373;3
5357;1
6057;3
6866;6
4378;1
5117;3
4379;1
4380;3
4381;4
4382;3
4383;4
4384;2
4385;4
4386;2
4387;2
5482;3
4389;2
4390;3
4391;3
6336;1
4393;1
5737;4
4395;3
6395;3
5927;4
4409;4
3761;3
4410;1
4412;3
4920;2
5319;1
6736;3
4413;3
3742;2
5019;1
1710;2
4416;2
4411;4
3769;3
4417;3
4414;2
6331;1
4419;3
4420;2
4418;3
5146;3
6245;3
4502;3
4422;1
4423;1
6533;2
4425;0
4426;0
4427;4
4428;0
6439;3
4430;1
4431;5
5307;3
4619;1
4434;4
4435;4
4436;3
4437;4
3730;2
4439;2
4440;1
6622;2
3986;4
5961;2
4444;1
4445;1
6784;1
6314;1
4924;2
4449;1
4450;1
6039;1
4452;4
4453;4
4454;4
4455;1
6052;1
4458;2
4459;3
6423;3
4462;3
4306;3
4465;1
4466;4
4467;3
4468;1
6184;3
4470;1
4471;1
4472;1
4473;5
4474;4
4653;3
6565;3
5378;1
4480;1
5977;2
4311;3
3877;1
4482;3
4483;1
6738;2
4485;5
4486;4
6050;2
4488;3
4489;4
4490;3
4491;3
4492;1
5080;5
6847;1
6912;1
4496;3
4499;1
4498;1
3796;3
4500;3
6066;5
3655;3
4503;3
4504;3
6107;2
4506;4
4507;3
4508;3
5999;1
4520;1
5240;2
6637;3
5696;3
4514;1
4543;3
4542;1
4522;3
3779;3
6311;1
5490;3
4521;4
6594;3
4523;1
4524;4
4525;3
4526;3
5825;1
4528;3
4529;1
4530;5
6153;3
4532;0
7045;6
4535;4
4536;3
4537;1
6610;4
4539;3
4076;1
4541;1
3849;2
5328;1
4544;2
3782;1
4546;1
4547;2
4075;1
4549;2
6803;6
4551;0
4552;4
3651;3
4554;2
4555;3
4556;1
6660;3
4558;2
6822;4
4562;3
4563;0
4564;1
4565;2
4566;1
6141;3
4568;3
4569;3
4570;1
4571;2
6382;1
4573;0
4574;4
4575;4
4576;1
6322;3
6811;5
6019;3
3643;3
6588;3
4583;2
5463;3
3788;2
4586;6
4587;2
4588;6
4997;4
5569;6
6046;3
4592;6
4098;3
4594;6
5274;4
4596;6
6424;4
4598;2
6723;4
3988;1
4601;3
4948;3
4603;1
4604;3
4605;3
4606;4
4607;3
4608;0
5834;4
6154;3
4612;1
6527;3
6643;2
4615;3
4616;1
4617;3
4697;4
6590;3
6561;4
4621;4
3794;4
3825;1
6942;1
4625;0
4626;3
5722;4
6114;4
4702;3
4630;2
4631;2
4632;0
4633;3
4634;2
3932;3
5706;1
4637;0
4638;1
4639;3
4640;3
6627;1
4642;1
4643;1
4644;2
4645;4
4646;3
5004;1
4648;5
4649;3
4650;1
4651;3
4652;2
6553;3
6554;3
4678;4
6182;4
4671;1
5677;3
4659;4
4660;3
6643;2
4662;1
4663;1
4664;1
4665;3
5215;2
4667;3
4668;4
5101;1
4670;0
6725;3
4672;3
4673;2
4674;2
4675;3
3697;2
4677;2
5758;3
5170;4
4680;3
4681;3
4682;3
6404;3
6117;4
4685;1
5996;3
4687;3
4688;5
4690;3
4691;5
6823;3
4693;3
4694;3
4695;3
4696;4
7046;4
4698;1
4699;3
4700;0
4701;1
4751;2
4703;2
5709;3
4705;4
5655;3
4475;2
5939;3
4709;3
4710;5
4711;3
4712;0
4713;2
4714;3
4715;1
4484;2
5880;6
4718;3
6786;4
6438;6
4407;2
4545;2
4723;1
4116;3
4725;2
4726;2
4727;3
4728;2
4729;2
4730;1
4731;1
4732;4
4733;4
4734;3
4735;3
4866;1
4737;4
6761;3
4739;1
4740;2
4741;3
4742;0
4743;3
4744;2
5689;2
4746;1
4747;1
3635;3
6058;3
4750;3
5861;6
6891;3
4753;0
4754;1
4755;3
4756;3
4757;3
4758;3
4759;5
4760;1
4761;1
4762;0
4763;1
5585;3
4765;3
5786;1
4767;3
4768;3
4769;3
6562;1
4771;2
4772;1
4394;3
5439;3
4775;1
4776;3
4777;3
4778;1
5440;1
4780;1
4781;0
5892;3
4783;1
4784;3
4785;3
5753;1
5166;3
4788;2
4789;4
4790;1
4791;0
4792;0
4793;3
4794;3
4795;3
4796;0
4202;3
6263;2
1764;2
4898;3
4802;3
3873;4
4804;3
4805;3
4806;2
4807;1
4808;4
4809;4
4810;3
4059;3
5174;4
6358;2
4814;3
5416;3
4816;3
4817;2
4818;3
4819;3
4820;4
6443;1
4822;3
4823;2
6921;3
6099;2
4826;0
4827;0
4828;4
4908;2
4830;3
1879;3
4832;0
4833;2
4834;4
4706;3
4836;2
6488;1
4838;0
4770;3
4840;3
4841;4
1583;3
4843;4
4844;4
4845;1
4846;0
4847;0
6984;3
4849;4
4850;3
4851;2
5084;3
4854;3
4358;3
4856;4
4857;3
4858;3
6517;3
6869;4
5994;4
4862;1
4863;1
4864;1
4865;0
4456;3
6716;3
6371;1
4869;0
6017;3
4515;2
4872;1
4873;3
5499;3
3622;3
3631;2
6230;1
4878;3
5042;3
6435;3
4881;4
4342;2
4883;3
6870;4
6394;3
4886;2
4887;1
4225;1
6871;4
4890;1
4891;1
6321;3
4028;3
7217;1
4895;4
4896;4
4897;2
5055;2
4899;3
4900;2
5862;6
4902;1
4903;3
4904;3
4905;1
4906;3
4907;3
6207;4
4356;3
4910;3
4911;5
4912;3
4914;1
4915;3
1512;3
4918;2
4919;1
4062;2
5926;3
5087;3
4923;1
6556;3
4925;3
4926;3
6534;3
1592;3
4027;4
6978;4
5081;3
4932;5
5984;3
4934;4
4005;3
4936;2
4937;4
4938;0
4939;5
4940;4
4941;5
6210;3
6323;3
6024;3
4945;2
4946;3
4947;3
5539;3
4949;1
6657;3
4717;4
4952;4
4953;0
4954;2
4955;1
4956;1
4957;2
4958;3
5061;3
5809;3
6535;3
4962;3
4963;3
1813;1
4965;3
4966;1
4967;3
4968;3
5815;4
4970;1
4971;3
4972;3
4973;3
4974;3
4975;3
4976;0
5187;4
6442;2
1522;3
1907;2
4981;3
4982;4
4983;4
4708;3
6718;3
4986;4
3645;3
4988;1
4989;2
4990;2
5951;1
5816;3
5775;3
4994;1
4995;2
4996;4
6211;3
4998;1
6238;3
1516;3
5001;3
5002;5
5322;1
5753;5
5005;1
5006;4
5007;1
5096;4
5009;3
6175;3
5011;4
5012;3
5013;4
5014;4
5015;1
5016;1
4584;6
5018;4
3807;1
6580;3
5021;4
5022;4
5023;4
5024;4
6815;2
5026;4
5858;3
5028;4
5029;4
6617;4
5031;4
6137;1
5033;4
5034;4
5035;4
6157;5
5037;4
5038;4
5039;4
5040;4
5041;3
6617;2
5144;3
5044;3
1513;3
5046;2
5047;3
5048;4
5049;4
6450;2
5394;3
5052;2
5053;2
5054;2
5115;1
5056;2
5057;2
5058;3
5059;0
5060;3
5062;3
5571;2
5686;3
5064;4
5164;1
5066;3
5067;1
5068;4
6400;3
5070;1
5071;1
5072;1
5073;3
5074;3
5075;0
5076;1
6566;1
5306;3
5079;4
6617;2
5017;2
5082;3
6166;3
5798;1
4629;2
4977;2
6816;2
5942;3
5089;0
5090;3
3817;1
6101;1
3854;3
5094;3
5032;4
5415;1
2014;4
3668;2
5108;2
5100;3
5437;3
5102;2
6070;3
4509;3
4722;3
5106;3
5107;3
4160;3
6179;3
6104;1
6814;3
1711;3
5114;3
5515;4
5116;1
4181;1
5118;3
5119;1
5120;3
5121;1
5122;3
5123;4
5124;2
4050;3
6025;1
5363;4
5276;3
5130;1
4034;2
5132;1
5133;2
6697;3
4464;3
5239;3
4724;3
5139;1
6567;4
5141;3
5142;4
5043;3
5145;1
4421;3
6552;3
5149;1
5913;4
5151;3
6739;2
5153;3
5154;3
6520;3
4801;1
5161;3
3694;4
5235;1
4008;1
2011;3
4035;2
6065;4
1514;3
3640;1
3677;3
1519;3
4527;3
2012;3
4070;3
6147;2
3884;3
6121;4
4081;2
2017;1
6624;4
1527;4
2018;3
6599;1
5566;2
6178;3
2020;1
2021;1
1535;3
1537;1
1538;4
6374;1
5700;1
2022;2
1540;1
1541;4
1544;1
2023;4
2024;4
5688;4
1608;2
2025;4
2026;4
2028;3
1548;2
6734;3
1549;2
1550;1
1551;2
1552;2
1553;4
3920;2
1555;2
2030;2
5111;1
4347;2
5893;1
1831;4
5264;3
4162;1
1968;3
1558;4
2031;2
1560;2
1561;3
3892;3
1564;2
1568;3
5173;1
5173;3
5924;1
5175;3
4055;2
1577;4
1576;4
1574;1
5980;1
6432;3
5661;1
5177;4
5178;4
5179;4
5670;3
5181;4
5182;4
5183;4
5184;4
5185;4
5186;4
5497;3
5188;4
5189;3
5190;3
4051;1
5615;3
5192;4
5193;4
5194;4
5789;1
5196;4
5197;4
5198;1
5199;1
5200;2
5201;3
1802;2
5202;2
5203;4
5204;1
1915;4
1919;3
5205;4
4235;2
5207;3
1964;3
5540;1
1984;3
5568;3
5209;2
1956;3
1958;3
5351;4
6461;4
1959;3
5211;1
5212;4
1966;3
5213;1
5214;3
4348;3
1967;3
1960;3
3826;1
5216;1
1969;3
5217;3
5218;1
5219;1
1739;3
1970;3
1978;3
5220;1
1961;2
5221;1
6128;3
1783;3
6073;3
1987;3
1836;1
5222;3
5223;4
4088;4
6338;3
6724;3
5989;3
6503;4
1668;3
1668;4
1955;2
5409;3
3627;4
1933;2
3699;3
5230;2
1945;3
1590;3
1997;3
1940;3
1638;3
1922;3
7244;1
5812;2
1897;3
1674;3
5757;3
1680;2
4042;4
5667;3
4929;3
6051;4
5148;3
6523;1
5233;2
1989;1
4736;3
6214;3
5236;3
1942;2
2007;3
4494;2
1950;3
2008;3
1906;2
2065;2
1763;3
1916;3
6328;1
1816;3
1817;3
4388;3
1911;2
1861;4
1912;2
1930;1
4066;2
5145;4
1928;2
7048;2
1929;3
1580;3
5869;2
4127;3
1596;3
1606;3
1614;4
5843;2
1627;3
1913;4
5206;4
5458;1
1900;2
1645;3
1646;3
1658;3
1682;3
1917;1
1696;1
1698;4
1708;3
1725;3
1726;3
5241;3
1728;1
1924;2
1932;3
1528;3
1747;2
1905;2
5707;1
1750;2
1753;4
1775;3
1780;3
5488;3
1795;3
1806;1
1837;1
1893;4
1872;4
2059;4
5933;3
1976;3
5244;4
5245;4
5246;4
5247;4
5248;4
5249;4
1748;2
5250;2
1796;1
1799;1
6277;1
5354;4
1851;2
1858;4
1871;4
1875;4
1613;4
1620;3
1624;3
1628;4
1634;4
1651;3
1661;4
5320;2
1667;2
1671;4
4921;4
1679;2
1684;2
5721;3
5253;3
1697;3
1692;2
1700;3
1703;3
1704;3
1705;4
6430;2
1715;3
6448;1
1727;1
1734;3
1741;2
5255;4
1756;3
1772;3
6817;5
6626;1
1834;1
1556;3
1585;3
1586;1
1587;3
6532;4
1594;2
5256;3
4531;4
1604;2
1626;3
1630;4
1641;1
1643;1
1656;2
1659;4
1686;2
6206;3
5258;4
1736;4
5333;1
1746;2
3795;3
6407;1
5417;3
6675;3
6042;3
3623;3
6375;1
5698;2
5180;4
4451;3
3628;3
6604;4
6927;3
5125;2
6206;4
6246;2
6163;1
4773;3
5784;4
3637;3
5720;1
3639;3
1757;4
3641;3
3642;3
5323;4
3644;3
6363;2
5735;4
3647;3
3648;3
4352;3
5524;1
5503;3
6308;3
6806;3
3656;3
3657;3
4636;1
3659;2
4093;1
3661;3
3664;2
3663;2
5718;4
3665;1
3667;3
6365;1
3669;3
3670;0
3671;1
6264;1
3674;3
3675;2
5835;3
3773;3
3678;3
3679;3
3680;3
6475;3
3682;0
6471;3
3685;2
6091;3
3687;0
3688;1
3689;3
3719;3
3691;0
3692;3
3693;4
6511;1
3695;3
6966;1
7003;3
5797;3
6359;3
3700;4
3701;5
3833;2
6299;1
3704;0
6408;3
3706;1
5431;3
5777;3
1939;3
3710;0
6282;3
4620;3
3774;3
3714;2
3776;1
5666;3
3717;0
5208;2
3780;3
5531;3
6701;3
5985;3
6591;1
3728;2
3729;2
5954;5
3731;4
6559;3
6649;1
6835;3
4985;4
6405;1
3737;2
5646;3
3739;4
3740;4
6720;3
4538;4
6607;3
5228;3
6692;2
6204;1
5607;1
3748;1
3749;3
3750;4
3801;3
6587;3
6874;3
1579;3
4022;2
4177;3
6160;3
3785;1
4214;2
6139;3
4567;1
6144;4
3763;2
4460;4
3765;3
3766;4
6818;5
6325;1
6547;3
3770;5
1847;3
3772;4
1758;4
6819;5
5930;3
5281;3
3777;3
3778;0
4079;1
6384;4
3781;2
6471;4
3634;3
3784;4
5988;4
7010;4
3787;4
5851;4
3789;1
6579;3
2062;4
6711;3
5675;3
5550;3
6513;3
5020;4
3798;2
6538;4
3800;3
6820;3
6547;4
3803;4
4928;1
6467;3
6709;3
6491;4
5270;1
3809;0
3810;4
3811;4
3812;3
5965;3
6821;3
3816;3
5334;3
3818;5
3819;0
3820;1
3821;1
3822;4
3823;3
6222;1
7055;1
4580;1
3827;4
1771;1
6595;1
6110;3
6257;4
3832;0
4049;3
3834;2
5855;3
3837;1
3838;2
5733;4
3840;0
3841;4
3842;4
6223;3
3844;4
6414;3
5668;3
5555;3
3848;3
4151;2
6979;1
3851;5
3852;1
4581;3
4424;1
3636;3
3856;1
3857;1
6539;3
3859;2
3860;3
6980;3
3862;4
3863;4
3864;4
3865;4
6215;3
3867;1
5964;3
3869;1
5159;3
3871;1
5478;3
3874;5
3875;1
3681;4
4153;2
6247;1
3879;4
3880;1
3881;4
3882;4
4597;3
5580;3
5572;2
3886;1
3887;1
3888;1
3889;2
3890;3
3891;0
6505;4
3893;1
6875;3
3895;1
3896;1
3897;2
3898;2
5572;5
6413;3
6041;1
3902;5
3903;3
3904;3
3905;1
5025;4
3907;3
5003;1
4557;4
3621;1
3911;4
6320;1
3913;5
6302;3
5494;1
4599;3
3917;3
6377;3
3919;1
1789;4
3921;3
3922;2
5140;4
6801;3
3925;5
6106;1
1790;2
3929;4
3930;3
3931;3
4215;2
3933;3
5314;2
3936;3
3937;2
3938;2
3939;3
3940;4
3941;3
3630;3
1619;2
3944;2
3945;2
3946;2
3948;2
3949;2
3950;2
3951;2
3952;0
3953;2
6158;3
3955;6
3956;6
3957;6
3958;6
3959;6
3960;2
3961;3
5772;4
6876;4
6441;4
3965;2
5506;3
3967;2
6877;6
3971;3
3972;3
2048;4
3989;1
3976;3
6981;3
5770;3
5925;3
6836;3
3652;3
6807;6
4010;4
4009;3
6805;6
6929;3
3987;0
3625;4
5393;4
6242;3
6161;3
5570;3
6089;3
6706;3
6440;3
4013;4
6064;4
3998;1
3999;1
6088;1
4016;4
7141;2
4825;1
6174;3
6787;1
4006;4
3909;4
4017;1
4021;2
4023;1
6187;4
5231;3
4014;4
4015;3
5138;1
4024;4
4018;1
6209;3
4025;3
6808;6
1830;4
6570;4
5814;1
6542;1
4026;4
4704;3
6507;4
4029;1
4030;1
4429;3
5808;4
4033;4
5943;4
5344;2
4036;3
6802;4
4038;2
5627;3
5450;3
5283;4
4080;4
4043;4
4044;4
6378;1
4046;3
4047;3
6249;3
2013;4
6809;3
6388;1
4052;1
4053;2
4054;1
6812;5
4056;1
4057;2
4058;3
6029;1
4060;4
5754;3
6813;3
5273;3
7183;3
4930;4
4068;1
4069;3
5895;1
5617;1
5991;2
4083;4
4074;3
5983;3
6248;1
6008;6
1610;4
1615;4
6122;4
5128;4
5401;3
4085;3
6254;3
4086;2
6615;1
6755;2
4353;1
4089;1
6335;2
6124;4
4067;4
1856;4
1864;4
1867;4
1868;4
1873;4
1877;4
1884;3
6123;4
4931;4
1662;2
5259;2
1689;2
1702;3
1713;3
1719;4
2040;4
2003;3
1731;1
1751;1
1765;3
1767;2
1779;1
1810;2
4354;3
1839;2
2054;2
1863;4
5599;3
5716;3
2045;4
1842;2
2015;1
5949;3
1633;4
5292;3
2036;2
2037;1
3762;3
1678;2
6690;3
1724;4
1760;1
2046;1
1798;1
1800;1
2019;2
1526;3
1653;4
1688;1
1694;1
1701;3
2039;1
1730;1
6762;3
1733;2
1752;3
6681;3
1801;1
2049;4
2053;1
5406;1
7116;3
1584;2
3705;3
5262;3
3707;2
6585;2
5265;1
1607;2
1521;3
2051;1
6444;4
3709;1
1993;3
1908;2
1925;3
5645;3
5885;5
5269;2
4748;3
5271;3
4157;4
6878;1
6278;4
6668;4
4375;5
6763;3
5279;3
5280;4
6417;3
5282;3
6573;4
5284;4
5451;4
5286;4
5287;3
5725;1
5289;3
3711;1
5291;3
5821;3
5293;4
5027;4
5030;4
5296;3
5165;4
5297;6
5298;2
5299;6
5300;4
5263;3
5303;6
5304;6
5305;4
6177;3
6054;3
3828;1
6518;3
5838;2
5310;1
5310;4
6256;2
5313;3
3836;4
5315;1
5316;4
6879;1
5318;3
5771;5
5802;1
5321;2
6563;4
5975;3
5711;6
5692;3
5326;3
5327;4
5639;2
5329;5
5330;1
5372;1
6425;2
5639;3
6611;4
6097;1
6237;3
5337;3
5337;1
5339;4
6727;3
5341;1
5342;1
5095;4
5345;2
5346;4
5347;4
6034;3
5350;4
6354;3
5352;4
5353;4
6196;3
5355;4
6630;4
6597;1
5358;4
5359;4
6340;1
5361;2
5362;4
6581;3
5104;3
5365;4
5366;4
6079;1
6072;3
4374;4
5370;4
3870;1
6705;3
6741;3
5374;4
6508;4
5376;3
6509;4
5129;4
5659;1
5285;3
4679;1
5694;3
5384;4
5385;3
5386;4
5387;3
5388;3
6650;1
3713;1
5391;4
5470;3
6376;1
6577;3
5395;1
5395;1
5598;3
6606;4
5897;3
5937;1
4766;3
6003;3
3764;2
6880;3
6037;3
5267;4
5837;3
5312;3
1598;4
5410;3
5411;4
5412;1
5485;3
6665;3
5992;1
6396;2
4392;3
5487;3
6075;1
5995;3
5421;4
5422;2
5850;3
5424;2
5425;3
6717;3
6373;1
5428;4
5429;1
5429;3
6788;2
5432;3
5433;3
6200;3
5435;1
6609;4
6641;4
7203;3
6038;3
6219;3
6082;1
6156;1
6429;3
5444;2
5127;1
6312;3
5874;3
6021;3
4666;3
6038;4
5452;3
5453;3
5455;3
4209;3
4721;3
5608;3
5459;1
5460;4
5461;6
5462;6
4867;3
6582;3
5465;3
5466;3
5467;3
4874;4
5987;3
6253;1
5471;2
5472;1
4265;3
5474;4
5474;3
5476;3
5477;3
4875;4
5479;3
4415;4
5854;4
4876;3
5480;3
6510;3
4877;3
5486;1
4885;3
6655;3
5489;3
5489;4
6436;4
5336;3
6061;1
5621;3
3715;3
6190;2
5841;1
5751;4
6194;2
5498;4
4774;4
5500;3
5501;3
5502;3
6790;4
5504;3
5505;3
5662;3
5507;3
5508;3
5509;3
5510;3
5511;3
5512;4
5513;4
5574;3
4894;1
5516;1
5348;4
4400;3
4614;3
4933;3
5521;1
5522;1
4266;3
5824;5
4798;3
5526;1
5527;1
5528;1
5529;3
5530;3
6524;4
5532;3
5533;1
5534;1
5535;1
6643;1
5910;1
3716;3
5093;1
5427;1
5541;3
5542;2
5543;3
5544;3
5545;3
5546;3
5547;3
6543;1
4987;3
6370;3
5551;4
5552;5
5553;3
5554;3
5010;3
5556;3
5557;3
6259;4
5559;3
5560;3
6982;1
5562;3
7050;3
5565;3
5745;1
5567;3
5660;3
4984;4
6446;3
6316;1
6544;4
5317;3
5045;3
5575;3
5575;3
5871;2
5578;1
4787;1
6546;3
6486;4
5582;3
5583;5
5584;4
5785;4
5586;3
4091;3
5873;6
5063;3
5593;5
5783;3
6764;3
5136;2
5597;3
5713;1
3718;3
5600;3
7049;3
4803;4
6548;3
6012;1
5604;1
5605;5
5606;2
5371;4
4442;2
5609;3
5091;4
5622;2
4396;3
5613;2
5614;3
2035;1
5616;3
5097;3
5618;1
5619;3
5685;3
6319;1
4944;3
6555;4
5625;3
5628;3
5629;3
5630;3
5632;5
5633;1
5633;3
5109;3
5636;5
5637;5
1718;1
5110;3
6007;3
6217;3
5641;3
5642;1
5804;1
5644;2
4397;3
5446;3
5254;4
5648;3
4813;3
5650;5
5651;2
5652;3
5343;1
5343;3
5590;4
6108;3
5620;6
5626;3
6103;2
6540;1
7011;3
5438;3
4037;1
7124;1
6244;4
5658;3
4398;3
3912;4
7173;4
6232;1
5663;3
5664;2
5514;3
6703;3
6094;3
3721;3
5669;3
7012;4
6514;4
5673;1
5674;5
4572;4
4654;3
5272;3
5678;3
6515;3
5921;3
5404;1
5368;4
6361;5
5684;1
4401;4
6195;3
5687;5
6751;3
5909;5
6063;1
4859;1
6684;2
5693;4
5997;3
6659;1
2016;2
5697;1
6009;2
5973;4
6026;3
5701;1
5390;1
5704;4
5703;4
4038;6
5916;2
4141;1
4815;4
5105;2
1936;3
1530;3
5000;3
6735;1
5792;2
6923;3
5715;1
6348;4
5717;4
4041;4
4205;3
6551;3
6047;3
5800;4
6084;3
6339;1
6557;1
6112;1
6059;1
5728;1
5729;1
5730;4
5732;1
6621;4
5734;2
6386;1
5736;2
6550;3
5738;4
5739;2
5740;3
6332;1
6349;1
5743;5
5744;1
6281;1
5746;4
5483;3
3722;1
6224;3
1517;3
6695;3
5224;1
4980;4
4839;3
6266;1
4516;3
6633;3
3723;3
1972;2
6564;3
5761;1
5762;3
5763;3
5764;4
5863;4
6529;3
6470;3
5767;3
5768;3
5769;3
4045;2
4115;2
6049;1
5773;2
6326;1
6318;1
5776;3
6255;3
6327;1
6283;4
5780;3
5781;3
5782;3
6434;1
4888;3
5886;3
1621;3
5787;3
4402;2
6564;4
5790;4
1652;3
4403;2
6357;1
5794;1
6572;3
5796;3
5993;3
3768;3
4404;3
5799;1
1622;3
5801;2
4137;3
5803;3
6031;2
5723;3
5806;4
6087;3
1891;4
4048;3
6173;3
5810;3
5811;2
6068;3
5813;2
1625;3
5904;3
6233;1
5817;4
1722;4
6460;1
5820;3
4548;3
3855;1
5823;3
5938;1
2066;1
4969;3
5827;3
6760;3
5829;3
5830;5
2033;3
6290;4
5833;4
4405;1
4443;2
6305;4
5229;3
5890;3
6118;6
5839;1
5676;3
5872;4
5403;1
1941;3
5210;2
5844;1
3951;6
5298;6
3953;6
6933;1
6614;3
6294;3
6258;4
5847;2
6596;5
6295;1
6270;4
6385;2
1673;2
5852;1
5853;3
3799;2
5856;1
6181;3
1982;3
5859;5
5859;6
6368;3
5875;3
4406;3
6284;3
6881;1
1690;2
5867;2
5868;6
3858;3
6134;3
6310;3
6356;1
3899;3
6250;3
5967;3
5876;6
5877;6
5878;1
6162;3
6344;1
5881;3
1617;3
6352;2
5884;1
1920;3
5958;3
5887;6
5888;3
5889;3
6120;1
6120;2
1617;4
6120;3
5894;2
6120;4
6120;5
6120;6
6085;1
6048;3
4950;4
5900;3
5901;1
5902;3
6392;3
6484;3
5906;1
5908;3
6379;3
6136;3
6687;2
6077;3
7051;4
5469;3
5914;1
6638;3
5612;4
6691;3
3894;3
5222;4
5918;2
5612;6
6753;2
6589;3
5922;2
5266;3
4658;4
6592;4
3908;3
4128;1
6387;1
4868;3
6536;3
6730;3
5932;3
6105;3
5934;3
6749;4
5548;1
6882;1
6726;3
6119;3
1601;4
5941;3
6676;3
6693;2
5944;3
6428;3
5946;1
6775;3
6399;3
6303;3
6883;3
7014;4
6297;1
5953;2
6516;3
6737;3
5956;3
5957;3
5278;3
3914;1
4142;1
5963;3
6333;1
6694;1
5966;6
5857;1
6205;1
4071;3
6389;1
6276;1
6782;1
6159;1
6884;4
6598;2
6451;1
6355;3
6304;2
4438;3
6757;3
6658;3
6218;3
6661;3
5364;3
6885;3
6758;2
6265;3
5436;3
3876;1
6652;3
6273;3
4786;1
6004;3
5468;3
4114;4
6273;4
7083;3
4469;1
6473;4
6653;1
6412;3
6412;4
6506;4
6005;1
6006;1
6145;4
6002;3
6683;3
6403;1
5234;1
6985;4
5920;4
6015;3
6015;3
1778;3
6018;3
6605;3
4476;4
2010;3
6286;1
6287;1
4206;3
3878;1
6176;1
6288;4
4477;4
6289;4
6030;1
4478;1
6032;1
4039;2
5981;3
6035;5
4901;4
6291;3
6292;3
6293;3
6782;4
6225;3
5654;1
5191;4
6043;4
6044;3
4763;3
6754;2
5905;1
4123;1
5398;1
3702;3
6707;1
6789;1
6791;1
6792;1
6766;3
6142;1
5724;4
1729;1
1874;4
5397;1
5742;4
6886;3
1511;3
3883;3
5742;5
1743;3
6651;3
6794;4
1807;4
6795;4
4880;2
6696;1
3703;4
5726;3
6433;3
4879;4
6372;2
6679;6
6887;4
6708;5
4072;2
6236;3
5484;1
6849;3
4889;2
5695;2
6494;4
5251;3
4073;2
1665;1
5998;1
6700;4
3797;3
3830;3
5779;3
6558;1
3839;3
6227;3
5979;1
3970;2
4589;6
6045;2
1895;3
3928;3
6406;1
6261;4
6273;1
6109;1
6273;1
5232;3
6848;5
7053;1
5748;1
5573;4
5912;1
6586;6
5705;1
5972;3
6850;2
7125;2
4719;1
4368;3
5592;3
5496;1
6341;1
6135;3
5131;1
3910;1
6685;1
6125;4
6704;1
6537;3
6129;3
6129;4
6300;4
5836;1
6131;1
6131;2
6131;3
6131;4
6131;5
6131;6
3633;3
6593;3
3744;3
3708;2
6699;2
6710;2
4019;3
6715;4
6530;4
5766;3
5766;4
6130;2
1812;1
5563;3
5682;2
6113;3
5596;1
6654;3
5866;2
6748;3
6380;1
5295;3
1777;3
6574;1
5657;1
5690;1
6616;3
6126;3
7052;3
6780;1
6729;3
6628;3
6301;4
1825;4
6560;1
6090;3
4745;2
4084;4
6076;1
6342;1
6343;1
1663;3
5069;1
6431;3
6360;2
6347;1
6350;6
6634;3
6445;1
3653;3
6526;4
6796;3
6803;6
6682;1
6267;3
5741;1
5536;3
6528;1
5602;1
5911;3
5420;2
5602;3
5727;1
6198;3
6797;3
4927;1
2001;3
5640;1
5649;1
6252;3
6235;3
7202;1
5936;2
6578;3
6419;3
5493;1
5587;1
6810;3
4143;1
6893;2
3620;4
6512;4
3752;3
5680;3
4487;5
4087;1
6827;1
4610;5
4641;2
6383;3
6239;3
5176;3
3646;3
5778;3
5086;5
5805;4
3684;4
5517;1
6647;3
6656;4
6402;4
5865;3
5712;6
5947;3
7028;3
6498;4
1569;3
3861;1
3672;3
6213;4
6663;3
3829;4
6212;3
6575;4
6828;5
6830;3
6851;3
6825;1
6165;3
6853;2
5518;1
6831;4
6531;3
5456;3
5088;1
5624;1
6832;3
6834;4
4090;1
4092;5
4096;3
6845;3
4094;3
4095;3
6095;1
6631;3
6036;4
4097;3
5638;2
5449;3
4510;3
5426;3
3771;3
6840;3
4991;4
5601;4
6531;4
5399;5
6093;1
5882;3
5581;1
4152;3
5594;3
5952;3
3954;2
3954;6
5335;6
5537;4
6143;3
4180;3
4182;1
4183;1
5379;4
1894;2
6504;4
4511;4
6111;1
5538;4
4432;1
6485;4
4184;4
4192;3
5683;5
4512;3
6852;1
4611;3
6309;4
6010;1
5448;1
4212;4
4213;2
7097;3
6897;2
4218;1
6479;4
4479;5
4219;3
4222;1
4223;3
6497;4
4224;2
4513;4
6468;5
4226;4
4227;3
5257;1
6635;3
4505;4
6220;1
4228;4
4231;5
4232;1
4517;3
6151;3
6636;3
6525;4
4519;3
5845;2
6490;4
4518;4
6127;3
4613;4
6185;3
4618;3
6197;3
6608;1
6894;3
3935;3
4623;2
5050;1
5747;4
5380;3
7016;5
3808;1
6855;3
6856;3
3618;3
4061;4
5098;1
6854;1
5879;3
7020;4
1761;4
6860;1
6639;2
4647;3
6858;1
6080;4
6859;1
6857;1
6857;3
6863;2
4656;3
4657;4
5948;1
6100;3
5381;1
3732;1
5883;2
6483;3
3733;3
5155;3
3734;3
5807;6
4683;3
4684;3
5473;3
4686;4
4692;1
3736;2
6033;3
3738;3
3741;4
5413;2
3743;2
6133;1
6133;2
6132;1
6132;2
6463;2
6133;3
6133;4
6133;5
6133;6
4595;6
3745;1
6464;4
6465;3
6466;3
3746;3
5103;1
6625;4
6895;3
6397;1
3751;1
6472;4
6474;1
6481;4
6482;4
6519;4
6251;3
5793;1
6521;4
6522;4
6915;4
3753;1
3754;1
3755;4
5447;4
6381;3
3757;3
6023;3
5242;4
3759;3
1676;2
6987;3
6712;3
6899;3
6900;3
6901;3
4302;3
6902;3
6995;1
4961;2
5756;2
1809;3
6271;1
7019;3
4978;2
6226;3
5931;3
6904;3
5331;2
5849;1
6905;4
6906;4
6362;1
6907;1
6364;1
6908;4
6909;3
6183;3
6459;5
6910;1
6911;1
6913;3
6914;4
4577;3
6953;4
4540;1
6366;4
6367;3
6916;3
6369;1
6613;1
6917;3
6918;4
1910;1
6330;1
6919;3
6920;3
6922;2
6928;1
6924;4
6925;3
6926;3
6202;2
3831;1
6576;3
6477;3
6931;2
6489;2
6492;4
6932;3
6493;4
2064;3
6496;4
6228;1
6229;1
6499;4
5495;5
7018;4
6013;3
6478;4
6476;4
6865;1
6938;4
5195;4
6939;3
6940;3
6740;3
5681;4
6733;4
4338;2
6447;1
3906;2
6600;4
6022;3
6664;4
3966;2
6055;3
5950;4
5974;3
6620;2
6148;3
6600;3
6600;3
3843;1
5828;2
5135;1
5377;1
5990;3
3993;1
4860;3
4591;6
6689;2
6495;3
6458;5
6437;1
1681;2
4585;6
1890;3
6168;3
5982;3
6170;3
1664;2
6351;1
6298;4
6268;5
6269;4
4855;2
6975;2
5699;1
4078;4
6672;3
6307;3
6393;3
5656;3
5126;1
1531;2
5702;1
1546;3
1563;2
6829;3
4578;3
5525;1
5759;3
5549;2
3806;1
5294;4
4624;1
1921;3
6584;3
6500;2
5519;4
5405;1
5464;3
5898;2
6172;3
6150;1
5978;3
6722;4
5360;1
6934;1
6193;3
4559;3
6346;3
6861;6
6785;3
7043;3
4063;1
5077;3
6569;2
6449;2
6568;4
5891;3
4208;3
5774;1
5903;1
4707;3
6888;3
4325;3
4433;1
4326;4
3629;4
4077;4
7103;3
4319;3
5418;3
4082;4
6069;3
3696;4
4481;3
4320;1
5419;3
6642;3
6752;4
4322;3
4324;1
4340;3
5971;3
3619;3
6678;3
4020;3
6324;3
6188;3
3747;2
6861;2
4040;2
7056;3
5172;3
3660;5
6759;3
6427;4
6074;3
3676;4
6116;4
5708;4
3792;3
3775;1
5520;1
6329;1
3973;3
5923;3
4408;3
3805;1
3847;1
3650;3
6260;1
6867;6
7008;3
6889;3
6892;3
4189;1
6890;3
5896;1
4661;1
5832;1
4600;3
6155;1
6896;1
6898;3
6930;1
6936;3
5092;1
4922;3
4964;3
4979;2
5788;3
6937;3
6208;3
3658;3
6750;4
6770;4
5085;2
5595;3
6315;3
5367;3
5113;3
5237;1
6666;2
6771;3
5225;1
5752;3
6053;3
5822;2
6671;5
6541;3
6583;1
6680;3
6571;2
6667;3
6826;3
6673;4
4893;3
6769;4
5919;3
6768;4
6767;3
6677;3
6765;3
6337;2
6772;4
6779;1
6777;3
6776;1
6783;1
6943;1
6945;2
6947;3
6941;1
6944;1
6946;4
6949;1
6950;1
6951;1
6954;1
5635;3
6873;3
6956;4
6957;4
6955;4
7155;1
6952;4
6948;2
6958;4
4909;2
6960;3
6961;3
6962;4
6959;2
6963;3
6964;3
6965;6
4821;1
5332;1
6968;3
6971;1
6972;1
6983;1
6974;1
6986;3
6988;4
4273;3
5407;3
5260;3
3758;3
5167;3
3760;3
6067;3
5408;3
7134;3
6800;3
4534;3
4829;3
6140;3
6989;4
6977;1
6990;4
4493;3
5375;1
6992;2
7009;4
7013;2
7059;3
6998;1
3918;4
7015;3
7017;2
7007;4
7120;4
7006;1
7060;3
7061;1
7072;3
7058;2
7063;3
7062;4
7073;3
5643;3
5099;1
4655;1
4635;4
6640;3
6279;3
5261;3
7084;3
6976;4
6935;1
6868;4
7040;1
6798;3
7005;3
7004;3
7164;3
7002;1
7001;1
7000;2
6999;3
6997;3
7158;4
6996;4
6993;1
6994;4
6991;4
3786;3
7075;2
7085;1
7086;1
7087;2
7088;3
7089;3
7090;3
7091;3
7092;3
7096;1
7094;5
4259;5
3720;4
7095;2
7098;5
5792;4
7104;1
7105;3
7106;1
7107;1
7108;1
7111;4
7110;3
6011;1
6062;1
7112;3
7113;3
7114;3
7115;2
7117;5
7118;4
1938;3
7121;1
7171;3
5268;3
7119;1
3767;3
7126;2
7127;3
4292;1
7128;4
7129;3
3624;3
7135;3
7136;1
7137;2
7138;1
4892;1
7139;3
4764;1
4002;1
7142;4
7143;2
7144;3
7145;4
7146;3
7147;3
7148;2
7156;3
7157;2
7151;2
7152;2
7159;3
7160;3
7161;3
7162;4
7163;2
1985;3
7166;3
5603;3
7165;3
7167;2
7168;3
7169;1
7170;1
7172;3
7175;4
7176;3
7177;4
5008;1
7174;2
7179;4
7180;3
7183;3
7182;1
7183;3
7181;3
7187;3
7188;4
7189;2
7190;3
6778;3
7191;4
7192;4
7193;3
7194;1
7195;4
7196;4
7197;3
7198;1
7199;4
7200;2
7201;2
5928;3
7205;3
4441;3
7206;3
7207;3
7208;3
7209;3
7210;1
7211;3
7212;4
7213;3
7214;1
7215;1
7216;1
7219;4
7218;3
5945;3
7220;3
7222;3
7223;4
7224;2
7225;3
7221;1
7227;3
7228;4
7229;3
7230;3
7231;3
7233;3
7235;2
7236;3
7237;3
1898;3
7238;2
7239;4
1545;3
7240;3
7024;4
5441;3
7242;3
7243;2
7246;3
6719;3
7245;3
7247;1
6623;1
7248;3
7249;3
7250;3
7251;3
8251;3
8252;3
6839;2
3943;1
7042;4
6418;1
5442;3
7183;3
2029;1
5899;3
6390;3
6272;4
1865;4
6115;3
6096;1
7057;4
7099;3
7109;4
7140;4
7204;3
7232;3
7226;4
8250;1
5454;6
5970;4
6603;3
4884;1
7047;3
5065;5
4884;4
5631;3
4835;1
6742;2
6086;4
6670;3
6743;2
6744;2
6864;2
6745;2
6746;2
6713;4
6714;4
5309;1
6040;3
6747;2
1965;3
4261;3
5561;3
6799;3
5051;6
5434;3
4263;4
6453;1
5373;3
5389;5
4264;2
6793;3
4752;3
6421;3
5846;2
6454;2
4267;1
6732;2
5443;3
6781;4
4943;3
6774;4
5227;3
5227;4
6186;3
5672;3
3793;3
5369;4
3804;3
5457;3
3814;3
3815;3
3824;3
5795;3
5523;3
6334;1
4999;3
6411;3
6411;4
3712;2
3845;3
6846;1
5402;3
3846;3
5791;1
4992;3
6146;3
6306;3
6221;1
3850;3
3853;3
6612;2
6612;5
3866;1
3868;1
6192;2
5623;4
5714;4
5755;1
3885;1
5719;1
3900;2
3901;2
3915;2
3916;1
4627;3
5308;4
3923;2
3924;2
1557;3
6102;2
6102;5
6098;2
3962;4
3963;4
5819;4
4812;3
1570;3
4848;3
6837;3
5414;1
5078;4
6092;4
5325;1
6000;3
6164;3
6632;3
6669;3
6152;3
5392;2
4170;1
6056;3
4327;1
6234;3
4738;1
4749;1
4831;1
4842;1
4842;4
5765;3
3990;3
3991;4
6501;3
4916;3
7054;2
5647;3
4960;3
5864;3
4004;1
6462;1
5917;4
1957;1
1957;2
5610;2
3992;1
5826;1
5665;3
3994;4
4669;1
3995;3
3996;3
5492;1
6629;1
3997;1
5288;1
4000;2
6456;1
6028;1
6071;2
5969;4
1782;3
5150;1
6296;1
4602;1
4001;3
4622;1
6838;5
4003;1
6674;2
1581;2
4779;1
6401;1
6415;1
5491;1
6345;1
6203;1
5356;1
5588;1
6426;1
6391;1
6353;1
6313;1
5691;1
5400;1
6083;1
6502;1
4951;3
4007;3
6833;4
7064;1
6967;3
3980;5
1571;3
3974;3
5277;3
3977;3
6728;1
3979;4
3978;3
3981;3
3982;1
5818;2
5842;1
3983;1
5968;4
5831;3
6969;1
3984;3
3985;1
3790;4
7044;4
7066;3
6317;1
6686;1
6970;4
5840;1
6422;3
4782;3
7065;3
7067;1
7041;2
4122;1
7039;2
7037;3
7036;3
7035;1
7034;3
7033;3
7032;4
7031;1
7030;3
7029;3
4837;3
7027;4
7026;4
7025;3
7023;2
7022;2
7021;4
7068;3
7069;4
7070;1
7070;3
7071;3
7082;4
7080;4
7079;2
7123;4
7122;5
6903;3
6199;3
6167;2
6081;3
5870;4
5976;4
4579;3
7133;3
4146;3
7078;1
6841;3
4628;3
5083;3
4861;2
7077;2
7076;1
1947;3
7074;2
6001;3
7102;3
7101;3
6480;3
7100;3
1931;1
4870;3
7130;3
7131;4
7132;4
4011;1
7154;3
7153;2
7150;3
7149;3
4495;3
7178;3
6973;2
6731;4
4593;6
